epoch,train_loss,train_accuracy,val_loss,val_accuracy,f1_score,precision,recall
1,0.015049665578152977,0.9255219206680585,0.010818985998316698,0.9544103072348861,0.9543949378436385,0.9556181356999168,0.9544103072348861
2,0.007845074274467347,0.9659707724425888,0.008460655757913696,0.9653121902874133,0.9653763990255256,0.9656245385353811,0.9653121902874133
3,0.005580653862090537,0.9760960334029227,0.009057683205855982,0.9663032705649157,0.9663139515204662,0.9669936958682576,0.9663032705649157
